DROP TABLE IF EXISTS `ALUMNOS`;

CREATE TABLE `ALUMNOS`
(
    `NUM_MATRICULA` INTEGER NOT NULL,
    `NOMBRE`        VARCHAR(50),
    `POBLACION`     VARCHAR(50),
    `DIRECCION`     VARCHAR(50),
    `TLF`           INTEGER,
    `NUM_HERMANOS`  TINYINT DEFAULT 0,
    `COD_CURSO`     VARCHAR(5),
    PRIMARY KEY (`NUM_MATRICULA`)
) ENGINE = myisam
  DEFAULT CHARSET = utf8;

SET autocommit = 1;

#
# Dumping data for table 'ALUMNOS'
#

INSERT INTO `ALUMNOS` (`NUM_MATRICULA`, `NOMBRE`, `POBLACION`, `DIRECCION`, `TLF`, `NUM_HERMANOS`, `COD_CURSO`)
VALUES (1001, 'ALBA GARCÍA, JOSÉ MIGUEL', 'ALCALÁ DE HENARES', 'C/ LA PALMA  Nº 12 - 3º A', 918716272, 0, 'CS001');
INSERT INTO `ALUMNOS` (`NUM_MATRICULA`, `NOMBRE`, `POBLACION`, `DIRECCION`, `TLF`, `NUM_HERMANOS`, `COD_CURSO`)
VALUES (2001, 'BERMÚDEZ PASCUAL, RAÚL', 'ALCALÁ DE HENARES', 'C/ LA NORIA  Nº 10 - 3º A', 918334455, 0, 'SS001');
INSERT INTO `ALUMNOS` (`NUM_MATRICULA`, `NOMBRE`, `POBLACION`, `DIRECCION`, `TLF`, `NUM_HERMANOS`, `COD_CURSO`)
VALUES (2041, 'MATA CABELLO, ANTONIO', 'BERROCALEJO', 'C/MALVARROSA - 45B-2ºD', 927577575, 3, 'PS001');
INSERT INTO `ALUMNOS` (`NUM_MATRICULA`, `NOMBRE`, `POBLACION`, `DIRECCION`, `TLF`, `NUM_HERMANOS`, `COD_CURSO`)
VALUES (2043, 'ALIA RAMOS, FRANCISCO', 'LOS SANTOS DE LA HUMOSA', 'C/LUNA LLENA 32 - 4ºB', 912389889, 1, 'PS003');
INSERT INTO `ALUMNOS` (`NUM_MATRICULA`, `NOMBRE`, `POBLACION`, `DIRECCION`, `TLF`, `NUM_HERMANOS`, `COD_CURSO`)
VALUES (2045, 'ALIA GARCÍA, PEDRO', 'BERROCALEJO', 'C/VIRGEN DE GUADALUPE 45 - 3ºA', 927577567, 0, 'SS001');
INSERT INTO `ALUMNOS` (`NUM_MATRICULA`, `NOMBRE`, `POBLACION`, `DIRECCION`, `TLF`, `NUM_HERMANOS`, `COD_CURSO`)
VALUES (2142, 'PÉREZ RAMOS, ALBERTO', 'GUADALAJARA', 'C/PRESIDENTES 56B', 948237814, 0, 'SS001');
INSERT INTO `ALUMNOS` (`NUM_MATRICULA`, `NOMBRE`, `POBLACION`, `DIRECCION`, `TLF`, `NUM_HERMANOS`, `COD_CURSO`)
VALUES (2251, 'PANZANO SANZ, ISABEL', 'GUADALAJARA', 'C/LOS DEPORTE 3 -7ºB', 949220345, 1, 'PS001');
INSERT INTO `ALUMNOS` (`NUM_MATRICULA`, `NOMBRE`, `POBLACION`, `DIRECCION`, `TLF`, `NUM_HERMANOS`, `COD_CURSO`)
VALUES (2324, 'DIAZ GRACIA, CARLOS', 'ALCALÁ DE HENARES', 'C/ ALBERCA Nº 45 - 8º A', 918989899, 0, 'SS002');
INSERT INTO `ALUMNOS` (`NUM_MATRICULA`, `NOMBRE`, `POBLACION`, `DIRECCION`, `TLF`, `NUM_HERMANOS`, `COD_CURSO`)
VALUES (2342, 'ESTEBAN RUANO, DAVID', 'ALCALÁ DE HENARES', 'C/ RUFINO BLANCO Nº 6 - 2º A', 918090870, 1, 'PS003');
INSERT INTO `ALUMNOS` (`NUM_MATRICULA`, `NOMBRE`, `POBLACION`, `DIRECCION`, `TLF`, `NUM_HERMANOS`, `COD_CURSO`)
VALUES (2345, 'GARCÍA GARCÍA, CRISTINA', 'ALCALÁ DE HENARES', 'C/ PARANINFO 17', 918855600, 1, 'TS001');
INSERT INTO `ALUMNOS` (`NUM_MATRICULA`, `NOMBRE`, `POBLACION`, `DIRECCION`, `TLF`, `NUM_HERMANOS`, `COD_CURSO`)
VALUES (2437, 'SOLANO CAMINO, JUAN PEDRO', 'GUADALAJARA', 'C/LAS MORERAS 34', 949887700, 2, 'PS001');
INSERT INTO `ALUMNOS` (`NUM_MATRICULA`, `NOMBRE`, `POBLACION`, `DIRECCION`, `TLF`, `NUM_HERMANOS`, `COD_CURSO`)
VALUES (2556, 'GARCÍA LÓPEZ, DANIEL', 'ALCALÁ DE HENARES', 'C/ LOS COMUNEROS Nº 34 - 7', 918890230, 0, 'CS001');
INSERT INTO `ALUMNOS` (`NUM_MATRICULA`, `NOMBRE`, `POBLACION`, `DIRECCION`, `TLF`, `NUM_HERMANOS`, `COD_CURSO`)
VALUES (3040, 'GONZALEZ RAMOS, MATEO', 'BERROCALEJO', 'C/OCAÑA 56 - 3ºD', 927515476, 2, 'TS001');
INSERT INTO `ALUMNOS` (`NUM_MATRICULA`, `NOMBRE`, `POBLACION`, `DIRECCION`, `TLF`, `NUM_HERMANOS`, `COD_CURSO`)
VALUES (3230, 'CASTILLO CABELLO, ANTONIO', 'ALCALÁ DE HENARES', 'C/ BARDALES Nº 32 - 3º B', 918822170, 2, 'SS001');
INSERT INTO `ALUMNOS` (`NUM_MATRICULA`, `NOMBRE`, `POBLACION`, `DIRECCION`, `TLF`, `NUM_HERMANOS`, `COD_CURSO`)
VALUES (3236, 'CANO RAMOS, RAFAEL', 'BERROCALEJO', 'C/PILÓN 33 BAJO', 927567867, 3, 'TS001');
INSERT INTO `ALUMNOS` (`NUM_MATRICULA`, `NOMBRE`, `POBLACION`, `DIRECCION`, `TLF`, `NUM_HERMANOS`, `COD_CURSO`)
VALUES (3438, 'BOTELLA CALAMARO, JUAN ANTONIO', 'GUADALAJARA', 'C/EMPERADOR CARLOS V 27', 949229922, 1, 'PS001');
INSERT INTO `ALUMNOS` (`NUM_MATRICULA`, `NOMBRE`, `POBLACION`, `DIRECCION`, `TLF`, `NUM_HERMANOS`, `COD_CURSO`)
VALUES (3450, 'GARCÍA GARCÍA, JUAN', 'LOS SANTOS DE LA HUMOSA', 'C/LOS ORDENADORES 79 A', 912345676, 1, 'PS003');
INSERT INTO `ALUMNOS` (`NUM_MATRICULA`, `NOMBRE`, `POBLACION`, `DIRECCION`, `TLF`, `NUM_HERMANOS`, `COD_CURSO`)
VALUES (3452, 'CÓRDOBA SAIZ, VICTOR MANUEL', 'ALCALÁ DE HENARES', 'C/ LA ESTAMPA Nº 31 - 5º A', 918456780, 3, 'SS001');
INSERT INTO `ALUMNOS` (`NUM_MATRICULA`, `NOMBRE`, `POBLACION`, `DIRECCION`, `TLF`, `NUM_HERMANOS`, `COD_CURSO`)
VALUES (3456, 'HERRANZ GIL, VICTOR DANIEL', 'LOS SANTOS DE LA HUMOSA', 'C/ MAYOR 12', 918989830, 0, 'SS001');
INSERT INTO `ALUMNOS` (`NUM_MATRICULA`, `NOMBRE`, `POBLACION`, `DIRECCION`, `TLF`, `NUM_HERMANOS`, `COD_CURSO`)
VALUES (3457, 'LÓPEZ GONZÁLEZ, CRISTINA', 'ALCALÁ DE HENARES', 'C/ SALESIANOS 23 - A', 918111290, 1, 'PS003');
INSERT INTO `ALUMNOS` (`NUM_MATRICULA`, `NOMBRE`, `POBLACION`, `DIRECCION`, `TLF`, `NUM_HERMANOS`, `COD_CURSO`)
VALUES (3478, 'LÓPEZ MARTÍN, CARLOS DE LA', 'MADRID', 'C/ TALAMANCA Nº 12 - 1º A', 918856660, 1, 'CS001');
INSERT INTO `ALUMNOS` (`NUM_MATRICULA`, `NOMBRE`, `POBLACION`, `DIRECCION`, `TLF`, `NUM_HERMANOS`, `COD_CURSO`)
VALUES (3578, 'MARTÍN SOLDEU, DANIEL', 'LOS HUEROS', 'C/ LIBREROS 54 - 3º B', 919203901, 1, 'PS001');
INSERT INTO `ALUMNOS` (`NUM_MATRICULA`, `NOMBRE`, `POBLACION`, `DIRECCION`, `TLF`, `NUM_HERMANOS`, `COD_CURSO`)
VALUES (3900, 'LÓPEZ MARTÍNEZ, JUAN', 'ALCALÁ DE HENARES', 'C/ CARRETERA A MADRID - 56', 915647821, 0, 'PS003');
INSERT INTO `ALUMNOS` (`NUM_MATRICULA`, `NOMBRE`, `POBLACION`, `DIRECCION`, `TLF`, `NUM_HERMANOS`, `COD_CURSO`)
VALUES (4001, 'MARTÍNEZ CAMPOS, JOSE ALBERTO', 'ALCALÁ DE HENARES', 'C/DEL EJÉRCITO 5 - 9º C', 911199922, 2, 'PS001');
INSERT INTO `ALUMNOS` (`NUM_MATRICULA`, `NOMBRE`, `POBLACION`, `DIRECCION`, `TLF`, `NUM_HERMANOS`, `COD_CURSO`)
VALUES (4003, 'MARTÍNEZ DEL SOL, ELENA', 'ALCALÁ DE HENARES', 'C/ LOS DANZANTES 7 - 5ºD', 918343540, 2, 'SS002');
INSERT INTO `ALUMNOS` (`NUM_MATRICULA`, `NOMBRE`, `POBLACION`, `DIRECCION`, `TLF`, `NUM_HERMANOS`, `COD_CURSO`)
VALUES (4023, 'PÉREZ LÓPEZ, MARINO DAVID', 'ALCALÁ DE HENARES', 'C/ RUFINO BLANCO Nº 23 - 1º C', 918893340, 2, 'CS001');
INSERT INTO `ALUMNOS` (`NUM_MATRICULA`, `NOMBRE`, `POBLACION`, `DIRECCION`, `TLF`, `NUM_HERMANOS`, `COD_CURSO`)
VALUES (4033, 'BREÑA BREÑA, MARÍA', 'GUADALAJARA', 'C/FELIX FERNANDEZ 12', 949665544, 2, 'PS001');
INSERT INTO `ALUMNOS` (`NUM_MATRICULA`, `NOMBRE`, `POBLACION`, `DIRECCION`, `TLF`, `NUM_HERMANOS`, `COD_CURSO`)
VALUES (4056, 'MORALES PANIAGUA, PEDRO', 'ALCALÁ DE HENARES', 'C/ ARAGÓN 3 - 5ºB', 918899770, 0, 'CS001');
INSERT INTO `ALUMNOS` (`NUM_MATRICULA`, `NOMBRE`, `POBLACION`, `DIRECCION`, `TLF`, `NUM_HERMANOS`, `COD_CURSO`)
VALUES (4067, 'PÉREZ OLMEDO, CARLOS', 'ALCALÁ DE HENARES', 'C/ BLANCO Nº 2 - 1º A', 918845670, 0, 'PS002');
INSERT INTO `ALUMNOS` (`NUM_MATRICULA`, `NOMBRE`, `POBLACION`, `DIRECCION`, `TLF`, `NUM_HERMANOS`, `COD_CURSO`)
VALUES (4134, 'MARTÍN BREÑA, PILAR', 'ALCALÁ DE HENARES', 'C/ALCALÁ 211 - 3ºB', 912337787, 0, 'PS002');
INSERT INTO `ALUMNOS` (`NUM_MATRICULA`, `NOMBRE`, `POBLACION`, `DIRECCION`, `TLF`, `NUM_HERMANOS`, `COD_CURSO`)
VALUES (4235, 'SUAREZ COBOS, JUAN', 'BERROCALEJO', 'C/MAYOR 23 - 1ºA', 927577487, 2, 'SS002');
INSERT INTO `ALUMNOS` (`NUM_MATRICULA`, `NOMBRE`, `POBLACION`, `DIRECCION`, `TLF`, `NUM_HERMANOS`, `COD_CURSO`)
VALUES (4300, 'ROMERO RODRÍGUEZ, DAVID', 'ALCALÁ DE HENARES', 'C/ LA ESTAMPA Nº 11 - 5º D', 918765432, 1, 'SS001');
INSERT INTO `ALUMNOS` (`NUM_MATRICULA`, `NOMBRE`, `POBLACION`, `DIRECCION`, `TLF`, `NUM_HERMANOS`, `COD_CURSO`)
VALUES (4549, 'SANTOS BELLO, RAQUEL', 'BERROCALEJO', 'C/PARAISO 50 - 7ºA', 927577467, 1, 'TS001');
INSERT INTO `ALUMNOS` (`NUM_MATRICULA`, `NOMBRE`, `POBLACION`, `DIRECCION`, `TLF`, `NUM_HERMANOS`, `COD_CURSO`)
VALUES (4567, 'MORENO ALÍA, MARÍA', 'ALCALÁ DE HENARES', 'C/ CARRETERA A MADRID - 45', 917874843, 0, 'PS001');
INSERT INTO `ALUMNOS` (`NUM_MATRICULA`, `NOMBRE`, `POBLACION`, `DIRECCION`, `TLF`, `NUM_HERMANOS`, `COD_CURSO`)
VALUES (4589, 'RAMOS DE MIGUEL, ALBERTO', 'VILLALVILLA', 'C/ PARANINFO 17 - 6º', 918567870, 3, 'SS002');
INSERT INTO `ALUMNOS` (`NUM_MATRICULA`, `NOMBRE`, `POBLACION`, `DIRECCION`, `TLF`, `NUM_HERMANOS`, `COD_CURSO`)
VALUES (4598, 'PÉREZ VAZQUEZ, CESAR', 'ALCALÁ DE HENARES', 'C/ EL RÍO TAJO Nº 12 - 2ºA', 918855444, 2, 'CS001');
INSERT INTO `ALUMNOS` (`NUM_MATRICULA`, `NOMBRE`, `POBLACION`, `DIRECCION`, `TLF`, `NUM_HERMANOS`, `COD_CURSO`)
VALUES (4623, 'RODRÍGUEZ RAMOS, RAÚL', 'ALCALÁ DE HENARES', 'C/ MAYOR 14', 918043439, 1, 'PS002');
INSERT INTO `ALUMNOS` (`NUM_MATRICULA`, `NOMBRE`, `POBLACION`, `DIRECCION`, `TLF`, `NUM_HERMANOS`, `COD_CURSO`)
VALUES (4626, 'SANCHEZ GIL, ÁNGEL', 'ALCALÁ DE HENARES', 'C/ BLANCO Nº 22 - 6º B', 918823770, 0, 'PS001');
INSERT INTO `ALUMNOS` (`NUM_MATRICULA`, `NOMBRE`, `POBLACION`, `DIRECCION`, `TLF`, `NUM_HERMANOS`, `COD_CURSO`)
VALUES (4687, 'PRIETO MARTÍN, EMILIO', 'ALCALÁ DE HENARES', 'C/ LOS COMUNEROS Nº 3 - 2ºA', 918874380, 0, 'TS001');
INSERT INTO `ALUMNOS` (`NUM_MATRICULA`, `NOMBRE`, `POBLACION`, `DIRECCION`, `TLF`, `NUM_HERMANOS`, `COD_CURSO`)
VALUES (4725, 'SÁNCHEZ DE LA TORRE, JUANA', 'LOS SANTOS DE LA HUMOSA', 'C/ JUAN DE AUSTRIA 43 - 4ºA', 918765990, 0,
        'CS001');
INSERT INTO `ALUMNOS` (`NUM_MATRICULA`, `NOMBRE`, `POBLACION`, `DIRECCION`, `TLF`, `NUM_HERMANOS`, `COD_CURSO`)
VALUES (4728, 'SÁNCHEZ RAMOS, ISMAEL', 'ALCALÁ DE HENARES', 'C/ ALBERCA Nº 5 - 3º A', 918232499, 2, 'SS001');
INSERT INTO `ALUMNOS` (`NUM_MATRICULA`, `NOMBRE`, `POBLACION`, `DIRECCION`, `TLF`, `NUM_HERMANOS`, `COD_CURSO`)
VALUES (4831, 'VILLAR VADILLO, SERGIO', 'LOS SANTOS DE LA HUMOSA', 'C/ JUAN DE AUSTRIA 3 - 6ºA', 918899888, 2, 'CS001');
INSERT INTO `ALUMNOS` (`NUM_MATRICULA`, `NOMBRE`, `POBLACION`, `DIRECCION`, `TLF`, `NUM_HERMANOS`, `COD_CURSO`)
VALUES (4932, 'RAMOS MARTÍN, ALICIA', 'ALCALÁ DE HENARES', 'C/ ABEDULES 19', 918891770, 1, 'TS001');
INSERT INTO `ALUMNOS` (`NUM_MATRICULA`, `NOMBRE`, `POBLACION`, `DIRECCION`, `TLF`, `NUM_HERMANOS`, `COD_CURSO`)
VALUES (5427, 'SÁNCHEZ MARTÍNEZ, MARTA', 'ALCALÁ DE HENARES', 'C/ LIBREROS 34 - 5º A', 918989121, 3, 'TS001');
INSERT INTO `ALUMNOS` (`NUM_MATRICULA`, `NOMBRE`, `POBLACION`, `DIRECCION`, `TLF`, `NUM_HERMANOS`, `COD_CURSO`)
VALUES (5639, 'RUBIO MORENO, RAÚL', 'GUADALAJARA', 'C/PEDRO LUNA 43 -1ºA', 949129933, 3, 'SS002');
INSERT INTO `ALUMNOS` (`NUM_MATRICULA`, `NOMBRE`, `POBLACION`, `DIRECCION`, `TLF`, `NUM_HERMANOS`, `COD_CURSO`)
VALUES (5646, 'GRANADO PEREZ, OCTAVIO', 'MADRID', 'C/VIRGEN DE LOS REMEDIOS 6 - 2ºG', 912323123, 2, 'PS002');
INSERT INTO `ALUMNOS` (`NUM_MATRICULA`, `NOMBRE`, `POBLACION`, `DIRECCION`, `TLF`, `NUM_HERMANOS`, `COD_CURSO`)
VALUES (6548, 'RAMOS MARTÍN, FERNANDO', 'GUADALAJARA', 'C/LA REPÚBLICA 3º B', 949456789, 0, 'PS001');
INSERT INTO `ALUMNOS` (`NUM_MATRICULA`, `NOMBRE`, `POBLACION`, `DIRECCION`, `TLF`, `NUM_HERMANOS`, `COD_CURSO`)
VALUES (6730, 'SANZ PÉREZ, JORGE', 'ALCALÁ DE HENARES', 'C/ LOS ABEDULES 13', 919234864, 1, 'PS002');
INSERT INTO `ALUMNOS` (`NUM_MATRICULA`, `NOMBRE`, `POBLACION`, `DIRECCION`, `TLF`, `NUM_HERMANOS`, `COD_CURSO`)
VALUES (7829, 'SANTO LINARES, IVÁN', 'ALCALÁ DE HENARES', 'C/ MAYOR 19', 918899770, 1, 'CS001');
INSERT INTO `ALUMNOS` (`NUM_MATRICULA`, `NOMBRE`, `POBLACION`, `DIRECCION`, `TLF`, `NUM_HERMANOS`, `COD_CURSO`)
VALUES (8747, 'RAMOS RINCÓN, OCTAVIO', 'GUADALAJARA', 'C/GENERAL 6 - 6ºA', 949220023, 1, 'PS003');
# 50 records

#
# Table structure for table 'ASIGNATURAS'
#

DROP TABLE IF EXISTS `ASIGNATURAS`;

CREATE TABLE `ASIGNATURAS`
(
    `COD_ASIGNATURA` INT         NOT NULL,
    `DENOMINACION`   VARCHAR(50) NOT NULL,
    `TIPO`           VARCHAR(12),
    PRIMARY KEY (`COD_ASIGNATURA`)
) ENGINE = myisam
  DEFAULT CHARSET = utf8;

SET autocommit = 1;

#
# Dumping data for table 'ASIGNATURAS'
#

INSERT INTO `ASIGNATURAS` (`COD_ASIGNATURA`, `DENOMINACION`, `TIPO`)
VALUES (10, 'LENGUA', 'TRONCAL');
INSERT INTO `ASIGNATURAS` (`COD_ASIGNATURA`, `DENOMINACION`, `TIPO`)
VALUES (20, 'CIENCIAS', 'TRONCAL');
INSERT INTO `ASIGNATURAS` (`COD_ASIGNATURA`, `DENOMINACION`, `TIPO`)
VALUES (30, 'MATEMÁTICAS', 'TRONCAL');
INSERT INTO `ASIGNATURAS` (`COD_ASIGNATURA`, `DENOMINACION`, `TIPO`)
VALUES (40, 'HISTORIA', 'TRONCAL');
INSERT INTO `ASIGNATURAS` (`COD_ASIGNATURA`, `DENOMINACION`, `TIPO`)
VALUES (50, 'TECNOLOGÍA', 'DE MODALIDAD');
INSERT INTO `ASIGNATURAS` (`COD_ASIGNATURA`, `DENOMINACION`, `TIPO`)
VALUES (60, 'FÍSICA', 'TRONCAL');
INSERT INTO `ASIGNATURAS` (`COD_ASIGNATURA`, `DENOMINACION`, `TIPO`)
VALUES (70, 'QUÍMICA', 'TRONCAL');
INSERT INTO `ASIGNATURAS` (`COD_ASIGNATURA`, `DENOMINACION`, `TIPO`)
VALUES (80, 'EDUCACIÓN FÍSICA', 'DE MODALIDAD');
INSERT INTO `ASIGNATURAS` (`COD_ASIGNATURA`, `DENOMINACION`, `TIPO`)
VALUES (90, 'MÚSICA', 'OPTATIVA');
INSERT INTO `ASIGNATURAS` (`COD_ASIGNATURA`, `DENOMINACION`, `TIPO`)
VALUES (100, 'PLÁSTICA', 'DE MODALIDAD');
INSERT INTO `ASIGNATURAS` (`COD_ASIGNATURA`, `DENOMINACION`, `TIPO`)
VALUES (110, 'INFORMÁTICA', 'OPTATIVA');
INSERT INTO `ASIGNATURAS` (`COD_ASIGNATURA`, `DENOMINACION`, `TIPO`)
VALUES (120, 'TECNOLOGÍAS DE LA INFORMACIÓN', 'DE MODALIDAD');
INSERT INTO `ASIGNATURAS` (`COD_ASIGNATURA`, `DENOMINACION`, `TIPO`)
VALUES (130, 'INGLÉS', 'TRONCAL');
INSERT INTO `ASIGNATURAS` (`COD_ASIGNATURA`, `DENOMINACION`, `TIPO`)
VALUES (140, 'FRANCÉS', 'TRONCAL');
INSERT INTO `ASIGNATURAS` (`COD_ASIGNATURA`, `DENOMINACION`, `TIPO`)
VALUES (150, 'MÁQUINAS', 'DE MODALIDAD');
INSERT INTO `ASIGNATURAS` (`COD_ASIGNATURA`, `DENOMINACION`, `TIPO`)
VALUES (160, 'DIBUJO', 'DE MODALIDAD');
# 16 records

#
# Table structure for table 'CURSA'
#

DROP TABLE IF EXISTS `CURSA`;

CREATE TABLE `CURSA`
(
    `COD_ASIGNATURA` TINYINT NOT NULL,
    `NUM_MATRICULA`  INTEGER NOT NULL,
    `NOTA`           FLOAT   NULL,
    INDEX (`NUM_MATRICULA`),
    PRIMARY KEY (`COD_ASIGNATURA`, `NUM_MATRICULA`)
) ENGINE = myisam
  DEFAULT CHARSET = utf8;

SET autocommit = 1;

#
# Dumping data for table 'CURSA'
#

INSERT INTO `CURSA` (`COD_ASIGNATURA`, `NUM_MATRICULA`, `NOTA`)
VALUES (10, 1001, 6);
INSERT INTO `CURSA` (`COD_ASIGNATURA`, `NUM_MATRICULA`, `NOTA`)
VALUES (10, 2001, 5);
INSERT INTO `CURSA` (`COD_ASIGNATURA`, `NUM_MATRICULA`, `NOTA`)
VALUES (10, 2041, 7);
INSERT INTO `CURSA` (`COD_ASIGNATURA`, `NUM_MATRICULA`, `NOTA`)
VALUES (10, 2043, 8);
INSERT INTO `CURSA` (`COD_ASIGNATURA`, `NUM_MATRICULA`, `NOTA`)
VALUES (10, 2045, 5);
INSERT INTO `CURSA` (`COD_ASIGNATURA`, `NUM_MATRICULA`, `NOTA`)
VALUES (10, 2142, 6);
INSERT INTO `CURSA` (`COD_ASIGNATURA`, `NUM_MATRICULA`, `NOTA`)
VALUES (10, 2251, 4);
INSERT INTO `CURSA` (`COD_ASIGNATURA`, `NUM_MATRICULA`, `NOTA`)
VALUES (10, 2324, 3);
INSERT INTO `CURSA` (`COD_ASIGNATURA`, `NUM_MATRICULA`, `NOTA`)
VALUES (10, 2342, 5);
INSERT INTO `CURSA` (`COD_ASIGNATURA`, `NUM_MATRICULA`, `NOTA`)
VALUES (10, 2345, 6);
INSERT INTO `CURSA` (`COD_ASIGNATURA`, `NUM_MATRICULA`, `NOTA`)
VALUES (10, 2437, 7);
INSERT INTO `CURSA` (`COD_ASIGNATURA`, `NUM_MATRICULA`, `NOTA`)
VALUES (10, 2556, 8);
INSERT INTO `CURSA` (`COD_ASIGNATURA`, `NUM_MATRICULA`, `NOTA`)
VALUES (10, 3040, 9);
INSERT INTO `CURSA` (`COD_ASIGNATURA`, `NUM_MATRICULA`, `NOTA`)
VALUES (10, 3230, 6);
INSERT INTO `CURSA` (`COD_ASIGNATURA`, `NUM_MATRICULA`, `NOTA`)
VALUES (10, 3236, 7);
INSERT INTO `CURSA` (`COD_ASIGNATURA`, `NUM_MATRICULA`, `NOTA`)
VALUES (10, 3438, 8);
INSERT INTO `CURSA` (`COD_ASIGNATURA`, `NUM_MATRICULA`, `NOTA`)
VALUES (10, 3450, 5);
INSERT INTO `CURSA` (`COD_ASIGNATURA`, `NUM_MATRICULA`, `NOTA`)
VALUES (10, 3452, 5);
INSERT INTO `CURSA` (`COD_ASIGNATURA`, `NUM_MATRICULA`, `NOTA`)
VALUES (10, 3456, 4);
INSERT INTO `CURSA` (`COD_ASIGNATURA`, `NUM_MATRICULA`, `NOTA`)
VALUES (10, 3457, 4);
INSERT INTO `CURSA` (`COD_ASIGNATURA`, `NUM_MATRICULA`, `NOTA`)
VALUES (10, 3478, 3);
INSERT INTO `CURSA` (`COD_ASIGNATURA`, `NUM_MATRICULA`, `NOTA`)
VALUES (10, 3578, 6);
INSERT INTO `CURSA` (`COD_ASIGNATURA`, `NUM_MATRICULA`, `NOTA`)
VALUES (10, 3900, 7);
INSERT INTO `CURSA` (`COD_ASIGNATURA`, `NUM_MATRICULA`, `NOTA`)
VALUES (10, 4001, 8);
INSERT INTO `CURSA` (`COD_ASIGNATURA`, `NUM_MATRICULA`, `NOTA`)
VALUES (10, 4003, 6);
INSERT INTO `CURSA` (`COD_ASIGNATURA`, `NUM_MATRICULA`, `NOTA`)
VALUES (10, 4725, 8);
INSERT INTO `CURSA` (`COD_ASIGNATURA`, `NUM_MATRICULA`, `NOTA`)
VALUES (10, 6730, 3);
INSERT INTO `CURSA` (`COD_ASIGNATURA`, `NUM_MATRICULA`, `NOTA`)
VALUES (10, 8747, 2);
INSERT INTO `CURSA` (`COD_ASIGNATURA`, `NUM_MATRICULA`, `NOTA`)
VALUES (20, 1001, 5);
INSERT INTO `CURSA` (`COD_ASIGNATURA`, `NUM_MATRICULA`, `NOTA`)
VALUES (20, 2001, 6);
INSERT INTO `CURSA` (`COD_ASIGNATURA`, `NUM_MATRICULA`, `NOTA`)
VALUES (20, 2041, 7);
INSERT INTO `CURSA` (`COD_ASIGNATURA`, `NUM_MATRICULA`, `NOTA`)
VALUES (20, 2043, 8);
INSERT INTO `CURSA` (`COD_ASIGNATURA`, `NUM_MATRICULA`, `NOTA`)
VALUES (20, 2045, 5);
INSERT INTO `CURSA` (`COD_ASIGNATURA`, `NUM_MATRICULA`, `NOTA`)
VALUES (20, 2142, 4);
INSERT INTO `CURSA` (`COD_ASIGNATURA`, `NUM_MATRICULA`, `NOTA`)
VALUES (20, 2251, 6);
INSERT INTO `CURSA` (`COD_ASIGNATURA`, `NUM_MATRICULA`, `NOTA`)
VALUES (20, 2324, 9);
INSERT INTO `CURSA` (`COD_ASIGNATURA`, `NUM_MATRICULA`, `NOTA`)
VALUES (20, 2342, 8);
INSERT INTO `CURSA` (`COD_ASIGNATURA`, `NUM_MATRICULA`, `NOTA`)
VALUES (20, 2345, 9);
INSERT INTO `CURSA` (`COD_ASIGNATURA`, `NUM_MATRICULA`, `NOTA`)
VALUES (20, 2437, 7);
INSERT INTO `CURSA` (`COD_ASIGNATURA`, `NUM_MATRICULA`, `NOTA`)
VALUES (20, 2556, 8);
INSERT INTO `CURSA` (`COD_ASIGNATURA`, `NUM_MATRICULA`, `NOTA`)
VALUES (20, 3040, 6);
INSERT INTO `CURSA` (`COD_ASIGNATURA`, `NUM_MATRICULA`, `NOTA`)
VALUES (20, 3230, 5);
INSERT INTO `CURSA` (`COD_ASIGNATURA`, `NUM_MATRICULA`, `NOTA`)
VALUES (20, 3236, 4);
INSERT INTO `CURSA` (`COD_ASIGNATURA`, `NUM_MATRICULA`, `NOTA`)
VALUES (20, 3438, 3);
INSERT INTO `CURSA` (`COD_ASIGNATURA`, `NUM_MATRICULA`, `NOTA`)
VALUES (20, 3450, 6);
INSERT INTO `CURSA` (`COD_ASIGNATURA`, `NUM_MATRICULA`, `NOTA`)
VALUES (20, 3452, 7);
INSERT INTO `CURSA` (`COD_ASIGNATURA`, `NUM_MATRICULA`, `NOTA`)
VALUES (20, 3456, 8);
INSERT INTO `CURSA` (`COD_ASIGNATURA`, `NUM_MATRICULA`, `NOTA`)
VALUES (20, 3457, 9);
INSERT INTO `CURSA` (`COD_ASIGNATURA`, `NUM_MATRICULA`, `NOTA`)
VALUES (20, 3478, 6);
INSERT INTO `CURSA` (`COD_ASIGNATURA`, `NUM_MATRICULA`, `NOTA`)
VALUES (20, 3578, 5);
INSERT INTO `CURSA` (`COD_ASIGNATURA`, `NUM_MATRICULA`, `NOTA`)
VALUES (20, 3900, 4);
INSERT INTO `CURSA` (`COD_ASIGNATURA`, `NUM_MATRICULA`, `NOTA`)
VALUES (20, 4001, 3);
INSERT INTO `CURSA` (`COD_ASIGNATURA`, `NUM_MATRICULA`, `NOTA`)
VALUES (20, 4003, 6);
INSERT INTO `CURSA` (`COD_ASIGNATURA`, `NUM_MATRICULA`, `NOTA`)
VALUES (20, 4023, 7);
INSERT INTO `CURSA` (`COD_ASIGNATURA`, `NUM_MATRICULA`, `NOTA`)
VALUES (20, 4033, 8);
INSERT INTO `CURSA` (`COD_ASIGNATURA`, `NUM_MATRICULA`, `NOTA`)
VALUES (20, 4725, 9);
INSERT INTO `CURSA` (`COD_ASIGNATURA`, `NUM_MATRICULA`, `NOTA`)
VALUES (20, 8747, 8);
INSERT INTO `CURSA` (`COD_ASIGNATURA`, `NUM_MATRICULA`, `NOTA`)
VALUES (30, 1001, 6);
INSERT INTO `CURSA` (`COD_ASIGNATURA`, `NUM_MATRICULA`, `NOTA`)
VALUES (30, 3230, 9);
INSERT INTO `CURSA` (`COD_ASIGNATURA`, `NUM_MATRICULA`, `NOTA`)
VALUES (30, 3236, 5);
INSERT INTO `CURSA` (`COD_ASIGNATURA`, `NUM_MATRICULA`, `NOTA`)
VALUES (30, 3438, 6);
INSERT INTO `CURSA` (`COD_ASIGNATURA`, `NUM_MATRICULA`, `NOTA`)
VALUES (30, 3450, 7);
INSERT INTO `CURSA` (`COD_ASIGNATURA`, `NUM_MATRICULA`, `NOTA`)
VALUES (30, 3452, 7);
INSERT INTO `CURSA` (`COD_ASIGNATURA`, `NUM_MATRICULA`, `NOTA`)
VALUES (30, 3456, 6);
INSERT INTO `CURSA` (`COD_ASIGNATURA`, `NUM_MATRICULA`, `NOTA`)
VALUES (30, 3457, 4);
INSERT INTO `CURSA` (`COD_ASIGNATURA`, `NUM_MATRICULA`, `NOTA`)
VALUES (30, 3478, 4);
INSERT INTO `CURSA` (`COD_ASIGNATURA`, `NUM_MATRICULA`, `NOTA`)
VALUES (30, 3578, 3);
INSERT INTO `CURSA` (`COD_ASIGNATURA`, `NUM_MATRICULA`, `NOTA`)
VALUES (30, 3900, 3);
INSERT INTO `CURSA` (`COD_ASIGNATURA`, `NUM_MATRICULA`, `NOTA`)
VALUES (30, 4001, 5);
INSERT INTO `CURSA` (`COD_ASIGNATURA`, `NUM_MATRICULA`, `NOTA`)
VALUES (30, 4003, 4);
INSERT INTO `CURSA` (`COD_ASIGNATURA`, `NUM_MATRICULA`, `NOTA`)
VALUES (30, 4056, 6);
INSERT INTO `CURSA` (`COD_ASIGNATURA`, `NUM_MATRICULA`, `NOTA`)
VALUES (30, 4067, 5);
INSERT INTO `CURSA` (`COD_ASIGNATURA`, `NUM_MATRICULA`, `NOTA`)
VALUES (30, 4134, 4);
INSERT INTO `CURSA` (`COD_ASIGNATURA`, `NUM_MATRICULA`, `NOTA`)
VALUES (30, 4235, 3);
INSERT INTO `CURSA` (`COD_ASIGNATURA`, `NUM_MATRICULA`, `NOTA`)
VALUES (30, 4300, 4);
INSERT INTO `CURSA` (`COD_ASIGNATURA`, `NUM_MATRICULA`, `NOTA`)
VALUES (30, 4549, 2);
INSERT INTO `CURSA` (`COD_ASIGNATURA`, `NUM_MATRICULA`, `NOTA`)
VALUES (30, 4567, 5);
INSERT INTO `CURSA` (`COD_ASIGNATURA`, `NUM_MATRICULA`, `NOTA`)
VALUES (30, 4589, 6);
INSERT INTO `CURSA` (`COD_ASIGNATURA`, `NUM_MATRICULA`, `NOTA`)
VALUES (30, 4598, 7);
INSERT INTO `CURSA` (`COD_ASIGNATURA`, `NUM_MATRICULA`, `NOTA`)
VALUES (30, 4623, 8);
INSERT INTO `CURSA` (`COD_ASIGNATURA`, `NUM_MATRICULA`, `NOTA`)
VALUES (30, 4626, 4);
INSERT INTO `CURSA` (`COD_ASIGNATURA`, `NUM_MATRICULA`, `NOTA`)
VALUES (30, 4687, 5);
INSERT INTO `CURSA` (`COD_ASIGNATURA`, `NUM_MATRICULA`, `NOTA`)
VALUES (30, 4725, 6);
INSERT INTO `CURSA` (`COD_ASIGNATURA`, `NUM_MATRICULA`, `NOTA`)
VALUES (30, 4728, 8);
INSERT INTO `CURSA` (`COD_ASIGNATURA`, `NUM_MATRICULA`, `NOTA`)
VALUES (30, 4831, 9);
INSERT INTO `CURSA` (`COD_ASIGNATURA`, `NUM_MATRICULA`, `NOTA`)
VALUES (30, 4932, 3);
INSERT INTO `CURSA` (`COD_ASIGNATURA`, `NUM_MATRICULA`, `NOTA`)
VALUES (30, 5427, 4);
INSERT INTO `CURSA` (`COD_ASIGNATURA`, `NUM_MATRICULA`, `NOTA`)
VALUES (30, 5639, 7);
INSERT INTO `CURSA` (`COD_ASIGNATURA`, `NUM_MATRICULA`, `NOTA`)
VALUES (30, 5646, 6);
INSERT INTO `CURSA` (`COD_ASIGNATURA`, `NUM_MATRICULA`, `NOTA`)
VALUES (30, 6548, 5);
INSERT INTO `CURSA` (`COD_ASIGNATURA`, `NUM_MATRICULA`, `NOTA`)
VALUES (30, 6730, 4);
INSERT INTO `CURSA` (`COD_ASIGNATURA`, `NUM_MATRICULA`, `NOTA`)
VALUES (30, 7829, 8);
INSERT INTO `CURSA` (`COD_ASIGNATURA`, `NUM_MATRICULA`, `NOTA`)
VALUES (30, 8747, 7);
INSERT INTO `CURSA` (`COD_ASIGNATURA`, `NUM_MATRICULA`, `NOTA`)
VALUES (40, 4023, 5);
INSERT INTO `CURSA` (`COD_ASIGNATURA`, `NUM_MATRICULA`, `NOTA`)
VALUES (40, 4033, 6);
INSERT INTO `CURSA` (`COD_ASIGNATURA`, `NUM_MATRICULA`, `NOTA`)
VALUES (40, 4056, 5);
INSERT INTO `CURSA` (`COD_ASIGNATURA`, `NUM_MATRICULA`, `NOTA`)
VALUES (40, 4067, 6);
INSERT INTO `CURSA` (`COD_ASIGNATURA`, `NUM_MATRICULA`, `NOTA`)
VALUES (40, 4134, 7);
INSERT INTO `CURSA` (`COD_ASIGNATURA`, `NUM_MATRICULA`, `NOTA`)
VALUES (40, 4235, 8);
INSERT INTO `CURSA` (`COD_ASIGNATURA`, `NUM_MATRICULA`, `NOTA`)
VALUES (40, 4300, 3);
INSERT INTO `CURSA` (`COD_ASIGNATURA`, `NUM_MATRICULA`, `NOTA`)
VALUES (40, 4549, 4);
INSERT INTO `CURSA` (`COD_ASIGNATURA`, `NUM_MATRICULA`, `NOTA`)
VALUES (40, 4567, 9);
INSERT INTO `CURSA` (`COD_ASIGNATURA`, `NUM_MATRICULA`, `NOTA`)
VALUES (40, 4589, 9);
INSERT INTO `CURSA` (`COD_ASIGNATURA`, `NUM_MATRICULA`, `NOTA`)
VALUES (40, 4598, 8);
INSERT INTO `CURSA` (`COD_ASIGNATURA`, `NUM_MATRICULA`, `NOTA`)
VALUES (40, 4623, 7);
INSERT INTO `CURSA` (`COD_ASIGNATURA`, `NUM_MATRICULA`, `NOTA`)
VALUES (40, 4626, 5);
INSERT INTO `CURSA` (`COD_ASIGNATURA`, `NUM_MATRICULA`, `NOTA`)
VALUES (40, 4687, 4);
INSERT INTO `CURSA` (`COD_ASIGNATURA`, `NUM_MATRICULA`, `NOTA`)
VALUES (40, 4725, 3);
INSERT INTO `CURSA` (`COD_ASIGNATURA`, `NUM_MATRICULA`, `NOTA`)
VALUES (40, 4728, 5);
INSERT INTO `CURSA` (`COD_ASIGNATURA`, `NUM_MATRICULA`, `NOTA`)
VALUES (40, 4831, 6);
INSERT INTO `CURSA` (`COD_ASIGNATURA`, `NUM_MATRICULA`, `NOTA`)
VALUES (40, 4932, 7);
INSERT INTO `CURSA` (`COD_ASIGNATURA`, `NUM_MATRICULA`, `NOTA`)
VALUES (40, 5427, 8);
INSERT INTO `CURSA` (`COD_ASIGNATURA`, `NUM_MATRICULA`, `NOTA`)
VALUES (40, 5639, 4);
INSERT INTO `CURSA` (`COD_ASIGNATURA`, `NUM_MATRICULA`, `NOTA`)
VALUES (40, 5646, 3);
INSERT INTO `CURSA` (`COD_ASIGNATURA`, `NUM_MATRICULA`, `NOTA`)
VALUES (40, 6548, 6);
INSERT INTO `CURSA` (`COD_ASIGNATURA`, `NUM_MATRICULA`, `NOTA`)
VALUES (40, 6730, 7);
INSERT INTO `CURSA` (`COD_ASIGNATURA`, `NUM_MATRICULA`, `NOTA`)
VALUES (40, 7829, 8);
INSERT INTO `CURSA` (`COD_ASIGNATURA`, `NUM_MATRICULA`, `NOTA`)
VALUES (40, 8747, 9);
INSERT INTO `CURSA` (`COD_ASIGNATURA`, `NUM_MATRICULA`, `NOTA`)
VALUES (50, 1001, 6);
INSERT INTO `CURSA` (`COD_ASIGNATURA`, `NUM_MATRICULA`, `NOTA`)
VALUES (50, 2001, 6);
INSERT INTO `CURSA` (`COD_ASIGNATURA`, `NUM_MATRICULA`, `NOTA`)
VALUES (50, 4728, 6);
INSERT INTO `CURSA` (`COD_ASIGNATURA`, `NUM_MATRICULA`, `NOTA`)
VALUES (50, 4831, 7);
INSERT INTO `CURSA` (`COD_ASIGNATURA`, `NUM_MATRICULA`, `NOTA`)
VALUES (50, 4932, 7);
INSERT INTO `CURSA` (`COD_ASIGNATURA`, `NUM_MATRICULA`, `NOTA`)
VALUES (50, 5427, 8);
INSERT INTO `CURSA` (`COD_ASIGNATURA`, `NUM_MATRICULA`, `NOTA`)
VALUES (50, 5639, 8);
INSERT INTO `CURSA` (`COD_ASIGNATURA`, `NUM_MATRICULA`, `NOTA`)
VALUES (50, 5646, 6);
INSERT INTO `CURSA` (`COD_ASIGNATURA`, `NUM_MATRICULA`, `NOTA`)
VALUES (50, 6548, 6);
INSERT INTO `CURSA` (`COD_ASIGNATURA`, `NUM_MATRICULA`, `NOTA`)
VALUES (50, 6730, 6);
INSERT INTO `CURSA` (`COD_ASIGNATURA`, `NUM_MATRICULA`, `NOTA`)
VALUES (50, 7829, 5);
INSERT INTO `CURSA` (`COD_ASIGNATURA`, `NUM_MATRICULA`, `NOTA`)
VALUES (50, 8747, 5);
INSERT INTO `CURSA` (`COD_ASIGNATURA`, `NUM_MATRICULA`, `NOTA`)
VALUES (60, 1001, 4);
INSERT INTO `CURSA` (`COD_ASIGNATURA`, `NUM_MATRICULA`, `NOTA`)
VALUES (60, 2001, 4);
INSERT INTO `CURSA` (`COD_ASIGNATURA`, `NUM_MATRICULA`, `NOTA`)
VALUES (60, 2041, 5);
INSERT INTO `CURSA` (`COD_ASIGNATURA`, `NUM_MATRICULA`, `NOTA`)
VALUES (60, 2043, 5);
INSERT INTO `CURSA` (`COD_ASIGNATURA`, `NUM_MATRICULA`, `NOTA`)
VALUES (60, 2045, 6);
INSERT INTO `CURSA` (`COD_ASIGNATURA`, `NUM_MATRICULA`, `NOTA`)
VALUES (60, 2142, 6);
INSERT INTO `CURSA` (`COD_ASIGNATURA`, `NUM_MATRICULA`, `NOTA`)
VALUES (60, 2251, 5);
INSERT INTO `CURSA` (`COD_ASIGNATURA`, `NUM_MATRICULA`, `NOTA`)
VALUES (60, 2324, 5);
INSERT INTO `CURSA` (`COD_ASIGNATURA`, `NUM_MATRICULA`, `NOTA`)
VALUES (60, 2342, 4);
INSERT INTO `CURSA` (`COD_ASIGNATURA`, `NUM_MATRICULA`, `NOTA`)
VALUES (60, 2345, 6);
INSERT INTO `CURSA` (`COD_ASIGNATURA`, `NUM_MATRICULA`, `NOTA`)
VALUES (60, 2437, 7);
INSERT INTO `CURSA` (`COD_ASIGNATURA`, `NUM_MATRICULA`, `NOTA`)
VALUES (60, 2556, 8);
INSERT INTO `CURSA` (`COD_ASIGNATURA`, `NUM_MATRICULA`, `NOTA`)
VALUES (60, 3040, 7);
INSERT INTO `CURSA` (`COD_ASIGNATURA`, `NUM_MATRICULA`, `NOTA`)
VALUES (70, 2001, 5);
INSERT INTO `CURSA` (`COD_ASIGNATURA`, `NUM_MATRICULA`, `NOTA`)
VALUES (70, 3230, 6);
INSERT INTO `CURSA` (`COD_ASIGNATURA`, `NUM_MATRICULA`, `NOTA`)
VALUES (70, 3236, 5);
INSERT INTO `CURSA` (`COD_ASIGNATURA`, `NUM_MATRICULA`, `NOTA`)
VALUES (70, 3438, 4);
INSERT INTO `CURSA` (`COD_ASIGNATURA`, `NUM_MATRICULA`, `NOTA`)
VALUES (70, 3450, 5);
INSERT INTO `CURSA` (`COD_ASIGNATURA`, `NUM_MATRICULA`, `NOTA`)
VALUES (70, 3452, 6);
INSERT INTO `CURSA` (`COD_ASIGNATURA`, `NUM_MATRICULA`, `NOTA`)
VALUES (70, 3456, 7);
INSERT INTO `CURSA` (`COD_ASIGNATURA`, `NUM_MATRICULA`, `NOTA`)
VALUES (70, 3457, 8);
INSERT INTO `CURSA` (`COD_ASIGNATURA`, `NUM_MATRICULA`, `NOTA`)
VALUES (70, 3478, 9);
INSERT INTO `CURSA` (`COD_ASIGNATURA`, `NUM_MATRICULA`, `NOTA`)
VALUES (70, 3578, 8);
INSERT INTO `CURSA` (`COD_ASIGNATURA`, `NUM_MATRICULA`, `NOTA`)
VALUES (70, 3900, 7);
INSERT INTO `CURSA` (`COD_ASIGNATURA`, `NUM_MATRICULA`, `NOTA`)
VALUES (70, 4001, 6);
INSERT INTO `CURSA` (`COD_ASIGNATURA`, `NUM_MATRICULA`, `NOTA`)
VALUES (70, 4003, 5);
INSERT INTO `CURSA` (`COD_ASIGNATURA`, `NUM_MATRICULA`, `NOTA`)
VALUES (70, 4023, 6);
INSERT INTO `CURSA` (`COD_ASIGNATURA`, `NUM_MATRICULA`, `NOTA`)
VALUES (70, 4033, 4);
INSERT INTO `CURSA` (`COD_ASIGNATURA`, `NUM_MATRICULA`, `NOTA`)
VALUES (80, 2001, 6);
INSERT INTO `CURSA` (`COD_ASIGNATURA`, `NUM_MATRICULA`, `NOTA`)
VALUES (80, 2041, 7);
INSERT INTO `CURSA` (`COD_ASIGNATURA`, `NUM_MATRICULA`, `NOTA`)
VALUES (80, 4056, 3);
INSERT INTO `CURSA` (`COD_ASIGNATURA`, `NUM_MATRICULA`, `NOTA`)
VALUES (80, 4067, 2);
INSERT INTO `CURSA` (`COD_ASIGNATURA`, `NUM_MATRICULA`, `NOTA`)
VALUES (80, 4134, 3);
INSERT INTO `CURSA` (`COD_ASIGNATURA`, `NUM_MATRICULA`, `NOTA`)
VALUES (80, 4235, 4);
INSERT INTO `CURSA` (`COD_ASIGNATURA`, `NUM_MATRICULA`, `NOTA`)
VALUES (80, 4300, 5);
INSERT INTO `CURSA` (`COD_ASIGNATURA`, `NUM_MATRICULA`, `NOTA`)
VALUES (80, 4549, 6);
INSERT INTO `CURSA` (`COD_ASIGNATURA`, `NUM_MATRICULA`, `NOTA`)
VALUES (80, 4567, 5);
INSERT INTO `CURSA` (`COD_ASIGNATURA`, `NUM_MATRICULA`, `NOTA`)
VALUES (80, 4589, 6);
INSERT INTO `CURSA` (`COD_ASIGNATURA`, `NUM_MATRICULA`, `NOTA`)
VALUES (80, 4598, 4);
INSERT INTO `CURSA` (`COD_ASIGNATURA`, `NUM_MATRICULA`, `NOTA`)
VALUES (80, 4623, 5);
INSERT INTO `CURSA` (`COD_ASIGNATURA`, `NUM_MATRICULA`, `NOTA`)
VALUES (80, 4626, 7);
INSERT INTO `CURSA` (`COD_ASIGNATURA`, `NUM_MATRICULA`, `NOTA`)
VALUES (80, 4687, 8);
INSERT INTO `CURSA` (`COD_ASIGNATURA`, `NUM_MATRICULA`, `NOTA`)
VALUES (80, 4725, 9);
INSERT INTO `CURSA` (`COD_ASIGNATURA`, `NUM_MATRICULA`, `NOTA`)
VALUES (90, 2041, 6);
INSERT INTO `CURSA` (`COD_ASIGNATURA`, `NUM_MATRICULA`, `NOTA`)
VALUES (90, 4728, 8);
INSERT INTO `CURSA` (`COD_ASIGNATURA`, `NUM_MATRICULA`, `NOTA`)
VALUES (90, 4831, 7);
INSERT INTO `CURSA` (`COD_ASIGNATURA`, `NUM_MATRICULA`, `NOTA`)
VALUES (90, 4932, 6);
INSERT INTO `CURSA` (`COD_ASIGNATURA`, `NUM_MATRICULA`, `NOTA`)
VALUES (90, 5427, 5);
INSERT INTO `CURSA` (`COD_ASIGNATURA`, `NUM_MATRICULA`, `NOTA`)
VALUES (90, 5639, 5);
INSERT INTO `CURSA` (`COD_ASIGNATURA`, `NUM_MATRICULA`, `NOTA`)
VALUES (90, 5646, 4);
INSERT INTO `CURSA` (`COD_ASIGNATURA`, `NUM_MATRICULA`, `NOTA`)
VALUES (90, 6548, 4);
INSERT INTO `CURSA` (`COD_ASIGNATURA`, `NUM_MATRICULA`, `NOTA`)
VALUES (90, 6730, 3);
INSERT INTO `CURSA` (`COD_ASIGNATURA`, `NUM_MATRICULA`, `NOTA`)
VALUES (90, 7829, 3);
INSERT INTO `CURSA` (`COD_ASIGNATURA`, `NUM_MATRICULA`, `NOTA`)
VALUES (90, 8747, 4);
INSERT INTO `CURSA` (`COD_ASIGNATURA`, `NUM_MATRICULA`, `NOTA`)
VALUES (100, 1001, 6);
INSERT INTO `CURSA` (`COD_ASIGNATURA`, `NUM_MATRICULA`, `NOTA`)
VALUES (100, 2001, 7);
INSERT INTO `CURSA` (`COD_ASIGNATURA`, `NUM_MATRICULA`, `NOTA`)
VALUES (100, 2041, 7);
INSERT INTO `CURSA` (`COD_ASIGNATURA`, `NUM_MATRICULA`, `NOTA`)
VALUES (100, 2043, 9);
INSERT INTO `CURSA` (`COD_ASIGNATURA`, `NUM_MATRICULA`, `NOTA`)
VALUES (100, 2045, 9);
INSERT INTO `CURSA` (`COD_ASIGNATURA`, `NUM_MATRICULA`, `NOTA`)
VALUES (100, 2142, 9);
INSERT INTO `CURSA` (`COD_ASIGNATURA`, `NUM_MATRICULA`, `NOTA`)
VALUES (100, 2251, 8);
INSERT INTO `CURSA` (`COD_ASIGNATURA`, `NUM_MATRICULA`, `NOTA`)
VALUES (100, 2324, 8);
INSERT INTO `CURSA` (`COD_ASIGNATURA`, `NUM_MATRICULA`, `NOTA`)
VALUES (100, 2342, 10);
INSERT INTO `CURSA` (`COD_ASIGNATURA`, `NUM_MATRICULA`, `NOTA`)
VALUES (100, 2345, 8);
INSERT INTO `CURSA` (`COD_ASIGNATURA`, `NUM_MATRICULA`, `NOTA`)
VALUES (100, 2437, 8);
INSERT INTO `CURSA` (`COD_ASIGNATURA`, `NUM_MATRICULA`, `NOTA`)
VALUES (100, 2556, 7);
INSERT INTO `CURSA` (`COD_ASIGNATURA`, `NUM_MATRICULA`, `NOTA`)
VALUES (100, 3040, 6);
INSERT INTO `CURSA` (`COD_ASIGNATURA`, `NUM_MATRICULA`, `NOTA`)
VALUES (110, 1001, 7);
INSERT INTO `CURSA` (`COD_ASIGNATURA`, `NUM_MATRICULA`, `NOTA`)
VALUES (110, 4023, 6);
INSERT INTO `CURSA` (`COD_ASIGNATURA`, `NUM_MATRICULA`, `NOTA`)
VALUES (110, 4033, 5);
INSERT INTO `CURSA` (`COD_ASIGNATURA`, `NUM_MATRICULA`, `NOTA`)
VALUES (110, 4056, 4);
INSERT INTO `CURSA` (`COD_ASIGNATURA`, `NUM_MATRICULA`, `NOTA`)
VALUES (110, 4067, 3);
INSERT INTO `CURSA` (`COD_ASIGNATURA`, `NUM_MATRICULA`, `NOTA`)
VALUES (110, 4134, 6);
INSERT INTO `CURSA` (`COD_ASIGNATURA`, `NUM_MATRICULA`, `NOTA`)
VALUES (110, 4235, 7);
INSERT INTO `CURSA` (`COD_ASIGNATURA`, `NUM_MATRICULA`, `NOTA`)
VALUES (110, 4300, 8);
INSERT INTO `CURSA` (`COD_ASIGNATURA`, `NUM_MATRICULA`, `NOTA`)
VALUES (110, 4549, 9);
INSERT INTO `CURSA` (`COD_ASIGNATURA`, `NUM_MATRICULA`, `NOTA`)
VALUES (110, 4567, 2);
INSERT INTO `CURSA` (`COD_ASIGNATURA`, `NUM_MATRICULA`, `NOTA`)
VALUES (110, 4589, 7);
INSERT INTO `CURSA` (`COD_ASIGNATURA`, `NUM_MATRICULA`, `NOTA`)
VALUES (110, 4598, 6);
INSERT INTO `CURSA` (`COD_ASIGNATURA`, `NUM_MATRICULA`, `NOTA`)
VALUES (110, 4623, 5);
INSERT INTO `CURSA` (`COD_ASIGNATURA`, `NUM_MATRICULA`, `NOTA`)
VALUES (110, 4626, 4);
INSERT INTO `CURSA` (`COD_ASIGNATURA`, `NUM_MATRICULA`, `NOTA`)
VALUES (110, 4687, 3);
INSERT INTO `CURSA` (`COD_ASIGNATURA`, `NUM_MATRICULA`, `NOTA`)
VALUES (110, 4725, 8);
INSERT INTO `CURSA` (`COD_ASIGNATURA`, `NUM_MATRICULA`, `NOTA`)
VALUES (120, 4725, 5);
INSERT INTO `CURSA` (`COD_ASIGNATURA`, `NUM_MATRICULA`, `NOTA`)
VALUES (120, 8747, 7);
INSERT INTO `CURSA` (`COD_ASIGNATURA`, `NUM_MATRICULA`, `NOTA`)
VALUES (130, 2041, 5);
INSERT INTO `CURSA` (`COD_ASIGNATURA`, `NUM_MATRICULA`, `NOTA`)
VALUES (130, 4725, 10);
INSERT INTO `CURSA` (`COD_ASIGNATURA`, `NUM_MATRICULA`, `NOTA`)
VALUES (130, 6730, 4);
# 218 records

#
# Table structure for table 'CURSOS'
#

DROP TABLE IF EXISTS `CURSOS`;

CREATE TABLE `CURSOS`
(
    `COD_CURSO`   VARCHAR(5)  NOT NULL,
    `DESCRIPCION` VARCHAR(50),
    `NIVEL`       TINYINT     NOT NULL DEFAULT 1,
    `TURNO`       VARCHAR(10) NOT NULL DEFAULT 'DIURNO',
    `ETAPA`       VARCHAR(16),
    PRIMARY KEY (`COD_CURSO`)
) ENGINE = myisam
  DEFAULT CHARSET = utf8;

SET autocommit = 1;

#
# Dumping data for table 'CURSOS'
#

INSERT INTO `CURSOS` (`COD_CURSO`, `DESCRIPCION`, `NIVEL`, `TURNO`, `ETAPA`)
VALUES ('CS001', 'CUARTO DE SECUNDARIA', 4, 'DIURNO', 'SEGUNDO CICLO');
INSERT INTO `CURSOS` (`COD_CURSO`, `DESCRIPCION`, `NIVEL`, `TURNO`, `ETAPA`)
VALUES ('PS001', 'PRIMERO DE SECUNDARIA', 1, 'DIURNO', 'PRIMER CICLO');
INSERT INTO `CURSOS` (`COD_CURSO`, `DESCRIPCION`, `NIVEL`, `TURNO`, `ETAPA`)
VALUES ('PS002', 'PRIMERO DE SECUNDARIA', 1, 'VESPERTINO', 'PRIMER CICLO');
INSERT INTO `CURSOS` (`COD_CURSO`, `DESCRIPCION`, `NIVEL`, `TURNO`, `ETAPA`)
VALUES ('PS003', 'PRIMERO DE SECUNDARIA', 1, 'NOCTURNO', 'PRIMER CICLO');
INSERT INTO `CURSOS` (`COD_CURSO`, `DESCRIPCION`, `NIVEL`, `TURNO`, `ETAPA`)
VALUES ('SS001', 'SEGUNDO DE SECUNDARIA', 2, 'DIURNO', 'PRIMER CICLO');
INSERT INTO `CURSOS` (`COD_CURSO`, `DESCRIPCION`, `NIVEL`, `TURNO`, `ETAPA`)
VALUES ('SS002', 'SEGUNDO DE SECUNDARIA', 2, 'VESPERTINO', 'PRIMER CICLO');
INSERT INTO `CURSOS` (`COD_CURSO`, `DESCRIPCION`, `NIVEL`, `TURNO`, `ETAPA`)
VALUES ('TS001', 'TERCERO DE SECUNDARIA', 3, 'DIURNO', 'SEGUNDO CICLO');
# 7 records

#
# Table structure for table 'DELEGADOS'
#

DROP TABLE IF EXISTS `DELEGADOS`;

CREATE TABLE `DELEGADOS`
(
    `NUM_MATRICULA` INTEGER NOT NULL,
    `COD_DELEGADO`  INTEGER,
    PRIMARY KEY (`NUM_MATRICULA`)
) ENGINE = myisam
  DEFAULT CHARSET = utf8;

SET autocommit = 1;

#
# Dumping data for table 'DELEGADOS'
#

INSERT INTO `DELEGADOS` (`NUM_MATRICULA`, `COD_DELEGADO`)
VALUES (1001, 2045);
INSERT INTO `DELEGADOS` (`NUM_MATRICULA`, `COD_DELEGADO`)
VALUES (2001, 2045);
INSERT INTO `DELEGADOS` (`NUM_MATRICULA`, `COD_DELEGADO`)
VALUES (2041, 2045);
INSERT INTO `DELEGADOS` (`NUM_MATRICULA`, `COD_DELEGADO`)
VALUES (2043, 2045);
INSERT INTO `DELEGADOS` (`NUM_MATRICULA`, `COD_DELEGADO`)
VALUES (2045, 2045);
INSERT INTO `DELEGADOS` (`NUM_MATRICULA`, `COD_DELEGADO`)
VALUES (2142, 2045);
INSERT INTO `DELEGADOS` (`NUM_MATRICULA`, `COD_DELEGADO`)
VALUES (2251, 2045);
INSERT INTO `DELEGADOS` (`NUM_MATRICULA`, `COD_DELEGADO`)
VALUES (2324, 2045);
INSERT INTO `DELEGADOS` (`NUM_MATRICULA`, `COD_DELEGADO`)
VALUES (2342, 2045);
INSERT INTO `DELEGADOS` (`NUM_MATRICULA`, `COD_DELEGADO`)
VALUES (2345, 3457);
INSERT INTO `DELEGADOS` (`NUM_MATRICULA`, `COD_DELEGADO`)
VALUES (2437, 3457);
INSERT INTO `DELEGADOS` (`NUM_MATRICULA`, `COD_DELEGADO`)
VALUES (2556, 3457);
INSERT INTO `DELEGADOS` (`NUM_MATRICULA`, `COD_DELEGADO`)
VALUES (3040, 3457);
INSERT INTO `DELEGADOS` (`NUM_MATRICULA`, `COD_DELEGADO`)
VALUES (3230, 3457);
INSERT INTO `DELEGADOS` (`NUM_MATRICULA`, `COD_DELEGADO`)
VALUES (3236, 3457);
INSERT INTO `DELEGADOS` (`NUM_MATRICULA`, `COD_DELEGADO`)
VALUES (3438, 3457);
INSERT INTO `DELEGADOS` (`NUM_MATRICULA`, `COD_DELEGADO`)
VALUES (3450, 3457);
INSERT INTO `DELEGADOS` (`NUM_MATRICULA`, `COD_DELEGADO`)
VALUES (3452, 3457);
INSERT INTO `DELEGADOS` (`NUM_MATRICULA`, `COD_DELEGADO`)
VALUES (3456, 3457);
INSERT INTO `DELEGADOS` (`NUM_MATRICULA`, `COD_DELEGADO`)
VALUES (3457, 3457);
INSERT INTO `DELEGADOS` (`NUM_MATRICULA`, `COD_DELEGADO`)
VALUES (3478, 3457);
INSERT INTO `DELEGADOS` (`NUM_MATRICULA`, `COD_DELEGADO`)
VALUES (3578, 3457);
INSERT INTO `DELEGADOS` (`NUM_MATRICULA`, `COD_DELEGADO`)
VALUES (3900, 3457);
INSERT INTO `DELEGADOS` (`NUM_MATRICULA`, `COD_DELEGADO`)
VALUES (4001, 3457);
INSERT INTO `DELEGADOS` (`NUM_MATRICULA`, `COD_DELEGADO`)
VALUES (4003, 4033);
INSERT INTO `DELEGADOS` (`NUM_MATRICULA`, `COD_DELEGADO`)
VALUES (4023, 4033);
INSERT INTO `DELEGADOS` (`NUM_MATRICULA`, `COD_DELEGADO`)
VALUES (4033, 4033);
INSERT INTO `DELEGADOS` (`NUM_MATRICULA`, `COD_DELEGADO`)
VALUES (4056, 4033);
INSERT INTO `DELEGADOS` (`NUM_MATRICULA`, `COD_DELEGADO`)
VALUES (4067, 4033);
INSERT INTO `DELEGADOS` (`NUM_MATRICULA`, `COD_DELEGADO`)
VALUES (4134, 4033);
INSERT INTO `DELEGADOS` (`NUM_MATRICULA`, `COD_DELEGADO`)
VALUES (4235, 4033);
INSERT INTO `DELEGADOS` (`NUM_MATRICULA`, `COD_DELEGADO`)
VALUES (4300, 4033);
INSERT INTO `DELEGADOS` (`NUM_MATRICULA`, `COD_DELEGADO`)
VALUES (4549, 4033);
INSERT INTO `DELEGADOS` (`NUM_MATRICULA`, `COD_DELEGADO`)
VALUES (4567, 4033);
INSERT INTO `DELEGADOS` (`NUM_MATRICULA`, `COD_DELEGADO`)
VALUES (4589, 4033);
INSERT INTO `DELEGADOS` (`NUM_MATRICULA`, `COD_DELEGADO`)
VALUES (4598, 4033);
INSERT INTO `DELEGADOS` (`NUM_MATRICULA`, `COD_DELEGADO`)
VALUES (4623, 4033);
INSERT INTO `DELEGADOS` (`NUM_MATRICULA`, `COD_DELEGADO`)
VALUES (4626, 4033);
INSERT INTO `DELEGADOS` (`NUM_MATRICULA`, `COD_DELEGADO`)
VALUES (4687, 4033);
INSERT INTO `DELEGADOS` (`NUM_MATRICULA`, `COD_DELEGADO`)
VALUES (4725, 8747);
INSERT INTO `DELEGADOS` (`NUM_MATRICULA`, `COD_DELEGADO`)
VALUES (4728, 8747);
INSERT INTO `DELEGADOS` (`NUM_MATRICULA`, `COD_DELEGADO`)
VALUES (4831, 8747);
INSERT INTO `DELEGADOS` (`NUM_MATRICULA`, `COD_DELEGADO`)
VALUES (4932, 8747);
INSERT INTO `DELEGADOS` (`NUM_MATRICULA`, `COD_DELEGADO`)
VALUES (5427, 8747);
INSERT INTO `DELEGADOS` (`NUM_MATRICULA`, `COD_DELEGADO`)
VALUES (5639, 8747);
INSERT INTO `DELEGADOS` (`NUM_MATRICULA`, `COD_DELEGADO`)
VALUES (5646, 8747);
INSERT INTO `DELEGADOS` (`NUM_MATRICULA`, `COD_DELEGADO`)
VALUES (6548, 8747);
INSERT INTO `DELEGADOS` (`NUM_MATRICULA`, `COD_DELEGADO`)
VALUES (6730, 8747);
INSERT INTO `DELEGADOS` (`NUM_MATRICULA`, `COD_DELEGADO`)
VALUES (7829, 8747);
INSERT INTO `DELEGADOS` (`NUM_MATRICULA`, `COD_DELEGADO`)
VALUES (8747, 8747);
# 50 records
